CREATE TABLE `KATEGORI`(
    `KODE_KAT` VARCHAR(255) PRIMARY KEY,
    `NAMA_KAT` VARCHAR(255) NOT NULL
);

CREATE TABLE MERK(
    KODE_MERK VARCHAR(255) PRIMARY KEY,
    NAMA_MERK VARCHAR(255) NOT NULL
);

CREATE TABLE CUSTOMER(
    ID NUMBER(30) PRIMARY KEY,
    USERNAME VARCHAR(255) UNIQUE NOT NULL,
    NAMA_CUST VARCHAR(255) NOT NULL,
    EMAIL VARCHAR(255) UNIQUE NOT NULL,
    NO_TELP VARCHAR(255) UNIQUE NOT NULL,
    PASSWORD VARCHAR(255) NOT NULL,
    SALDO NUMERIC(9)
);

CREATE TABLE BARANG(
    ID int(30) PRIMARY KEY,
    NAMA_BARANG VARCHAR(255) NOT NULL,
    MERK VARCHAR(255) REFERENCES MERK(KODE_MERK),
    KATEGORI VARCHAR(255) REFERENCES KATEGORI(KODE_KAT),
    STOK NUMERIC(30),
    HARGA NUMERIC(30) NOT NULL
);

CREATE TABLE H_BELI(
    NOMOR_NOTA VARCHAR(255) PRIMARY KEY,
    ID_CUSTOMER NUMERIC(30) REFERENCES CUSTOMER(ID),
    TOTAL_PEMBELIAN NUMERIC(30) NOT NULL,
    TANGGAL_PEMBELIAN DATE NOT NULL
);

CREATE TABLE D_BELI(
    NOMOR_NOTA VARCHAR(255) REFERENCES H_BELI(NOMOR_NOTA),
    ID_BARANG NUMERIC(30) REFERENCES BARANG(ID),
    JUMLAH NUMERIC(30),
    SUBTOTAL NUMERIC(30)
);

CREATE TABLE REQ_SALDO(
    ID NUMERIC(30) PRIMARY KEY,
    ID_CUST NUMERIC(30) REFERENCES CUSTOMER(ID),
    SALDOREQ NUMERIC(30)
);

CREATE TABLE GARANSI(
    KODE_MERK VARCHAR(255) REFERENCES MERK(KODE_MERK),
    DURASI NUMERIC(30)
);

CREATE TABLE DIGITAL_SELLER(
    ID_USER VARCHAR(255) REFERENCES CUSTOMER(USERNAME),
    ID_BARANG VARCHAR(255) REFERENCES BARANG(ID)
);

--INSERT

INSERT INTO KATEGORI VALUES('MOU001','Mouse'); 
INSERT INTO KATEGORI VALUES('KEY001','Keyboard');
INSERT INTO KATEGORI VALUES('MOU002','Mousepad');
INSERT INTO KATEGORI VALUES('HEA001','Headset');
INSERT INTO KATEGORI VALUES('EAR001','Earphone');
INSERT INTO KATEGORI VALUES('HEA002','Headset Stand');
INSERT INTO KATEGORI VALUES('WEB001','Webcam');
INSERT INTO KATEGORI VALUES('GAM001','Gamepad');
INSERT INTO KATEGORI VALUES('COL001','Cooling Pad');
INSERT INTO KATEGORI VALUES('GAM002','Gaming Chair');
INSERT INTO KATEGORI VALUES('MIC001','Microphone');
INSERT INTO KATEGORI VALUES('DIG001', 'Produk Digital');
INSERT INTO KATEGORI VALUES('AKU001', 'Akun Game');

INSERT INTO MERK VALUES('RAZ001','RAZER');
INSERT INTO MERK VALUES('STE001','STEELSERIES');
INSERT INTO MERK VALUES('LOG001','LOGITECH');
INSERT INTO MERK VALUES('FAN001','FANTECH');
INSERT INTO MERK VALUES('DIG001','DIGITAL ALLIANCE');
INSERT INTO MERK VALUES('SAD001','SADES');
INSERT INTO MERK VALUES('REX001','REXUS');
INSERT INTO MERK VALUES('COR001','CORSAIR');
INSERT INTO MERK VALUES('HYP001','HYPERX');
INSERT INTO MERK VALUES('ARM001','ARMAGGEDDON');
INSERT INTO MERK VALUES('NYK001','NYK');

INSERT INTO CUSTOMER VALUES(1, 'CRESCENDO', 'John Calvin Steven','iniemail@gmail.com', '081122334455', 'papajon',0);
INSERT INTO CUSTOMER VALUES(2, 'XELTYX', 'Eriko Ferdian Winarko','email@email.email', '081323347455', 'erikolim',0);
INSERT INTO CUSTOMER VALUES(3, 'HAO', 'Kevin Octavius','pro@gmail.co.id', '089765432211', 'pucongwei',0);
INSERT INTO CUSTOMER VALUES(4, 'XTERMINATION', 'Russel Joshua Chandra','yahoo@yahooo.io', '080808080808', 'panikga',0);
INSERT INTO CUSTOMER VALUES(5, 'REVLOADER', 'Revan Loader','revlo@gmail.com', '087654321009', 'lomahmendinglahgua',0);
INSERT INTO CUSTOMER VALUES(6, 'TATAKAE', 'Eren Sarutobi','asdf@gmail.com', '082233556767', 'shinzouwosasageyou',0);
INSERT INTO CUSTOMER VALUES(7, 'POPUKAR', 'Popoyanto Pukaryanto','a6reserve@gmail.com', '089876765454', 'lolichainsaw',0);
INSERT INTO CUSTOMER VALUES(8, 'OSSASS', 'Uvuvwevwevwe Onyetenyevwe Ugwemuvwem Ossas','uouoea@gmail.com', '080066666666', 'hehehehe',0);
INSERT INTO CUSTOMER VALUES(9, 'AKUGANTENG123', 'Naughtius Maximus','naugmax@gmail.com', '081344668800', 'handsomeboy123',0);
INSERT INTO CUSTOMER VALUES(10, 'WIBUPSIKOPAT', 'Kaneki Khin','kanekhin@yahoo.com', '081001000100', 'gebang',0);

INSERT INTO BARANG VALUES(1, 'Rexus Headset Gaming Thundervox HX9', 'REX001', 'HEA001', 5, 250000);
INSERT INTO BARANG VALUES(7, 'HyperX Cloud Alpha Gaming Headset', 'HYP001', 'HEA001', 2, 1120000);
INSERT INTO BARANG VALUES(9, 'Steelseries Arctis 7 Wireless Gaming Headset', 'STE001', 'HEA001', 12, 2300000);
INSERT INTO BARANG VALUES(14, 'Logitech G331 Stereo Gaming Headset', 'LOG001', 'HEA001', 14, 600000);
INSERT INTO BARANG VALUES(15, 'Fantech HQ52 TONE Gaming Headset', 'FAN001', 'HEA001', 25, 200000);
INSERT INTO BARANG VALUES(2, 'Razer Deathadder Chroma Overwatch Edition Gaming Mouse', 'RAZ001', 'MOU001', 3, 1600000);
INSERT INTO BARANG VALUES(4, 'Digital Alliance LUNA X2 Gaming Mouse', 'DIG001', 'MOU001', 20, 235000);
INSERT INTO BARANG VALUES(5, 'Fantech ZEUS x5s Gaming Mouse', 'FAN001', 'MOU001', 15, 160000);
INSERT INTO BARANG VALUES(16, 'Logitech G502 HERO Gaming Mouse', 'LOG001', 'MOU001', 1, 820000);
INSERT INTO BARANG VALUES(17, 'Corsair Harpoon RGB Pro Gaming Mouse', 'COR001', 'MOU001', 4, 330000);
INSERT INTO BARANG VALUES(22, 'NYK S-80 BLACKSHARK Wireless Gaming Mouse', 'NYK001', 'MOU001', 10, 235000);
INSERT INTO BARANG VALUES(3, 'Steelseries Apex 7 TKL Mechanical Gaming Keyboard', 'STE001', 'KEY001', 7, 2200000);
INSERT INTO BARANG VALUES(8, 'Sades Sabre TKL Membrane Gaming Keyboard', 'SAD001', 'KEY001', 40, 180000);
INSERT INTO BARANG VALUES(12, 'Digital Alliance Meca Shield Ice  Keyboard Gaming', 'DIG001', 'KEY001', 25, 460000);
INSERT INTO BARANG VALUES(19, 'Logitech G213 Prodigy RGB Gaming Keyboard', 'LOG001', 'KEY001', 16, 1100000);
INSERT INTO BARANG VALUES(20, 'Armageddon MKA-3C Mechanical Gaming Keyboard', 'ARM001', 'KEY001', 8 , 435000);
INSERT INTO BARANG VALUES(6, 'Steelseries QcK Edge Large Cloth Gaming Mousepad', 'STE001', 'MOU001', 10, 355000);
INSERT INTO BARANG VALUES(11, 'Rexus KVLAR T1 Gaming Mousepad - 800x300x3mm', 'REX001', 'MOU002', 30, 57000);
INSERT INTO BARANG VALUES(10, 'Fantech AC3001 Tower Headset Stand', 'FAN001', 'HEA002', 15, 85000);
INSERT INTO BARANG VALUES(13, 'Razer Hammerhead Pro V2 Gaming Earphone', 'RAZ001', 'EAR001', 10, 900000);
INSERT INTO BARANG VALUES(18, 'HyperX Cloud Earbuds Gaming Earphone', 'HYP001', 'EAR001', 5, 590000);
INSERT INTO BARANG VALUES(21, 'NYK X5 Kingfisher Gaming Cooling Pad', 'NYK001', 'COL001', 15, 258000);
INSERT INTO BARANG VALUES(23, 'NYK Nemesis MCN-05 Klio Microphone', 'NYK001', 'MIC001', 3, 375000);
INSERT INTO BARANG VALUES(24, 'Logitech C270 HD 720p Webcam', 'LOG001', 'WEB001', 5, 420000);
INSERT INTO BARANG VALUES(25, 'Razer Kiyo Pro Full HD 1080P with Adaptive Light Sensor Webcam', 'RAZ001', 'WEB001', 2, 3200000);
INSERT INTO BARANG VALUES(26, 'Fantech REVOLVER WGP12 Wireless Gamepad', 'FAN001', 'GAM001', 6, 470000);
INSERT INTO BARANG VALUES(27, 'Rexus Gladius GX100 Wireless Gaming Gamepad', 'REX001', 'GAM001', 6, 254000);
INSERT INTO BARANG VALUES(28, 'Rexus RGC 103 V2 RGB LED Gaming Chair', 'REX001', 'GAM002', 1, 3350000);
INSERT INTO BARANG VALUES(29, 'Digital Alliance Throne 150E Gaming Chair', 'DIG001', 'GAM002', 1, 2000000);

INSERT INTO H_BELI VALUES('20201217001', 1, 1072000, TO_DATE('17/12/2020', 'DD/MM/YYYY'));
INSERT INTO H_BELI VALUES('20190101001', 7, 285000, TO_DATE('01/01/2019', 'DD/MM/YYYY'));
INSERT INTO H_BELI VALUES('20180215001', 4, 2300000, TO_DATE('15/02/2018', 'DD/MM/YYYY'));
INSERT INTO H_BELI VALUES('20201011001', 5, 3350000, TO_DATE('11/10/2020', 'DD/MM/YYYY'));
INSERT INTO H_BELI VALUES('20190827001', 8, 1444000, TO_DATE('27/08/2019', 'DD/MM/YYYY'));
INSERT INTO H_BELI VALUES('20201006001', 2, 670000, TO_DATE('06/10/2020', 'DD/MM/YYYY'));
INSERT INTO H_BELI VALUES('20200613001', 3, 1600000, TO_DATE('13/06/2020', 'DD/MM/YYYY'));
INSERT INTO H_BELI VALUES('20191125001', 10, 360000, TO_DATE('25/11/2019', 'DD/MM/YYYY'));
INSERT INTO H_BELI VALUES('20180531001', 6, 3175000, TO_DATE('31/05/2018', 'DD/MM/YYYY'));
INSERT INTO H_BELI VALUES('20190922001', 7, 678000, TO_DATE('22/09/2019', 'DD/MM/YYYY') );

INSERT INTO D_BELI VALUES('20201217001', 1, 1, 250000);
INSERT INTO D_BELI VALUES('20201217001', 17, 1, 330000);
INSERT INTO D_BELI VALUES('20201217001', 20, 1, 435000);
INSERT INTO D_BELI VALUES('20201217001', 11, 1, 57000);
INSERT INTO D_BELI VALUES('20190101001', 15, 1, 200000);
INSERT INTO D_BELI VALUES('20190101001', 10, 1, 85000);
INSERT INTO D_BELI VALUES('20180215001', 9, 1, 2300000);
INSERT INTO D_BELI VALUES('20201011001', 28, 1, 3350000);
INSERT INTO D_BELI VALUES('20190827001', 22, 2, 470000);
INSERT INTO D_BELI VALUES('20190827001', 8, 2, 360000);
INSERT INTO D_BELI VALUES('20190827001', 1, 2, 500000);
INSERT INTO D_BELI VALUES('20190827001', 11, 2, 114000);
INSERT INTO D_BELI VALUES('20201006001', 4, 1, 235000);
INSERT INTO D_BELI VALUES('20201006001', 20, 1, 435000);
INSERT INTO D_BELI VALUES('20200613001', 2, 1, 1600000);
INSERT INTO D_BELI VALUES('20191125001', 5, 1, 160000);
INSERT INTO D_BELI VALUES('20191125001', 15, 1, 200000);
INSERT INTO D_BELI VALUES('20180531001', 13, 1, 900000);
INSERT INTO D_BELI VALUES('20180531001', 16, 1, 820000);
INSERT INTO D_BELI VALUES('20180531001', 19, 1, 1100000);
INSERT INTO D_BELI VALUES('20180531001', 6, 1, 355000);
INSERT INTO D_BELI VALUES('20190922001', 21, 1, 258000);
INSERT INTO D_BELI VALUES('20190922001', 24, 1, 420000);

INSERT INTO REQ_SALDO VALUES(0,1, 1072000);
INSERT INTO REQ_SALDO VALUES(1,7, 285000);
INSERT INTO REQ_SALDO VALUES(2,4, 2300000);
INSERT INTO REQ_SALDO VALUES(3,5, 3350000);
INSERT INTO REQ_SALDO VALUES(4,8, 1444000);
INSERT INTO REQ_SALDO VALUES(5,2, 670000);
INSERT INTO REQ_SALDO VALUES(6,3, 1600000);
INSERT INTO REQ_SALDO VALUES(7,10, 360000);
INSERT INTO REQ_SALDO VALUES(8,6, 3175000);
INSERT INTO REQ_SALDO VALUES(9,7, 678000);
INSERT INTO REQ_SALDO VALUES(10,8, 350000);
INSERT INTO REQ_SALDO VALUES(11,1, 400000);
INSERT INTO REQ_SALDO VALUES(12,9, 1000000);
INSERT INTO REQ_SALDO VALUES(13,4, 100000);

INSERT INTO GARANSI VALUES('RAZ001', 360);
INSERT INTO GARANSI VALUES('STE001', 360);
INSERT INTO GARANSI VALUES('REX001', 90);
INSERT INTO GARANSI VALUES('FAN001', 30);
INSERT INTO GARANSI VALUES('LOG001', 360);
INSERT INTO GARANSI VALUES('DIG001', 360);
INSERT INTO GARANSI VALUES('SAD001', 90);
INSERT INTO GARANSI VALUES('COR001', 180);
INSERT INTO GARANSI VALUES('HYP001', 360);
INSERT INTO GARANSI VALUES('ARM001', 180);
INSERT INTO GARANSI VALUES('NYK001', 30);

COMMIT;